<!-- edited with XMLSpy v2013 (http://www.altova.com) by  () -->
<Bundle>
	<createTime>2018-06-28 16:58:14</createTime>
	<confidentialityCode>N</confidentialityCode>
	<docCode>C0001</docCode>
	<docUID>1234-1234-1234-1234</docUID>
	<title>病历概要</title>
	<patient>
		<healthCardNumber>021043</healthCardNumber>
		<patientNumber>111</patientNumber>
		<name>王x祥</name>
		<telcom>15175715266</telcom>
		<address>
			<streetName>城关镇王街村617号</streetName>
			<province>河北</province>
			<city>沧州</city>
		</address>
		
		<nationalIdNumber>132923195011232817</nationalIdNumber>
		<birthTime>19501123</birthTime>
		<administrativeGender>
			<value>
				<code>1</code>
				<displayName>男性</displayName>
			</value>
		</administrativeGender>
		<ethnicGroup>
			<value>
				<code>1</code>
				<displayName>汉族</displayName>
			</value>
			<maritalStatusCode>
				<value>
					<code>1</code>
					<displayName>已婚</displayName>
				</value>
			</maritalStatusCode>
			<employerOrganization>
				<name>工作单位名称</name>
				<identifier>444</identifier>
			</employerOrganization>
		</ethnicGroup>
		<employerOrganization>
			<name>县招待所</name>
			<telcom>15175715266</telcom>
		</employerOrganization>
		<age>68</age>
	</patient>
	<author>
		<id>3434343</id>
		<name>李医生</name>
		<representedOrganization>
			<identifier>12345</identifier>
			<name>周昆</name>
		</representedOrganization>
	</author>
	<authenticator>
		<professionalTechnicalPosition>主治医师</professionalTechnicalPosition>
		<name>铁炉堡</name>
		<isLegal>1</isLegal>
	</authenticator>
	<custodian>
		<name>无锡中医院</name>
		<id>1234</id>
	</custodian>
	<participants>
		<participant>
			<telecom>0332-202003243</telecom>
			<name>李言</name>
			<address>
				<streetName>城关镇王街村617号</streetName>
				<province>河北</province>
				<city>沧州</city>
			</address>
		</participant>
	</participants>
	<DE04.50.001.00>
		<value>
			<code>2</code>
			<displayName>阴性</displayName>
		</value>
	</DE04.50.001.00>
	<DE04.50.010.00>
		<value>
			<code>1</code>
			<displayName>A型</displayName>
		</value>
	</DE04.50.010.00>
	<DE02.10.026.00set>
		<e02600>
			<value>患者既往有高血压病史10余年，痛风，输尿管结石多年，患者有长期门诊口服降压药.</value>
		</e02600>
	</DE02.10.026.00set>
	<DE02.10.061.00set>
		<e06100>
			<value>1982年:阑尾切除手术 ，完全恢复，无随访</value>
		</e06100>
	</DE02.10.061.00set>
	<DE02.10.098.00set>
		<e09800>
			<value>已婚已育，儿女均体健</value>
		</e09800>
	</DE02.10.098.00set>
	<DE02.10.022.00set>
		<e02200>
			<value>过敏反应：青霉素――皮疹</value>
		</e02200>
	</DE02.10.022.00set>
	<DE02.10.101.00set>
		<e10100>
			<value>乙肝疫苗</value>
		</e10100>
	</DE02.10.101.00set>
	<DE02.10.097.00>
		<value>个人史描述</value>
	</DE02.10.097.00>
	<DE02.10.103.00set>
		<e10300>
			<value>家族史描述一</value>
		</e10300>
	</DE02.10.103.00set>
	<DE08.10.026.00>
		<value>内分泌科</value>
	</DE08.10.026.00>
	<DE02.01.060.00>
		<value>
			<code>1</code>
			<displayName>门诊</displayName>
		</value>
	</DE02.01.060.00>
	<DE01.00.010.00/>
	<PrimaryDiagnosises>
		<PrimaryDiagnosis>
			<DE05.01.024.00>
				<value>
					<code>E10.901</code>
					<displayName>胰岛素依赖型糖尿病</displayName>
				</value>
			</DE05.01.024.00>
			<DE05.10.113.00>
				<value>
					<code>1</code>
					<displayName>治愈</displayName>
				</value>
			</DE05.10.113.00>
		</PrimaryDiagnosis>
	</PrimaryDiagnosises>
	<ZYdiagnosises>
		<ZYDiagnosis>
			<DE05.10.130.00>
				<value>
					<code>BEA</code>
					<displayName>儿科癌病类</displayName>
				</value>
			</DE05.10.130.00>
		</ZYDiagnosis>
	</ZYdiagnosises>
	<DE07.00.007.00>
		<value>
			<code>1</code>
			<displayName>自费</displayName>
		</value>
	</DE07.00.007.00>
	<DE07.00.004.00>
		<value>100</value>
	</DE07.00.004.00>
	<DE07.00.001.00>
		<value>20</value>
	</DE07.00.001.00>
</Bundle>
