<!-- edited with XMLSpy v2013 (http://www.altova.com) by  () -->
<C0004>
	<createTime>2018-06-28 16:58:14</createTime>
	<confidentialityCode>N</confidentialityCode>
	<docCode>C0001</docCode>
	<docUID>1234-1234-1234-1234</docUID>
	<title>西药处方</title>
	<patient>
		<healthCardNumber>021043</healthCardNumber>
		<patientNumber>111</patientNumber>
		<name>王x祥</name>
		<telcom>15175715266</telcom>
		<address>
			<streetName>城关镇王街村617号</streetName>
			<province>河北</province>
			<city>沧州</city>
		</address>
		<nationalIdNumber>132923195011232817</nationalIdNumber>
		<birthTime>19501123</birthTime>
		<administrativeGender>
			<value>
				<code>1</code>
				<displayName>男性</displayName>
			</value>
		</administrativeGender>
		<ethnicGroup>
			<value>
				<code>1</code>
				<displayName>汉族</displayName>
			</value>
			<maritalStatusCode>
				<value>
					<code>1</code>
					<displayName>已婚</displayName>
				</value>
			</maritalStatusCode>
			<employerOrganization>
				<name>工作单位名称</name>
				<identifier>444</identifier>
			</employerOrganization>
		</ethnicGroup>
		<employerOrganization>
			<name>县招待所</name>
			<telcom>15175715266</telcom>
		</employerOrganization>
		<age>68</age>
	</patient>
	<author>
		<id>3434343</id>
		<name>李医生</name>
		<time>20120909</time>
		<representedOrganization>
			<identifier>12345</identifier>
			<name>周昆</name>
		</representedOrganization>
	</author>
	<custodian>
		<name>无锡中医院</name>
		<id>1234</id>
	</custodian>
	<DE01.00.010.00>
		<value>E10000000</value>
	</DE01.00.010.00>
	<DE01.00.020.00>
		<value>10000000</value>
	</DE01.00.020.00>
	<DE08.10.052.00>
		<identifier>1234567890</identifier>
		<name>机构名称</name>
	</DE08.10.052.00>
	<DE08.10.026.00>
		<value>皮肤科</value>
	</DE08.10.026.00>
	<处方审核药剂师>
		<id>1</id><name>张1医生</name>
	</处方审核药剂师>
	<处方调配药剂师>
		<id>1</id><name>张2医生</name>
	</处方调配药剂师>
	<处方核对药剂师>
		<id>1</id><name>张3医生</name>
	</处方核对药剂师>
	<处方发药药剂师>
		<id>1</id><name>张4医生</name>
	</处方发药药剂师>
	<Medications>
		<Medication>
			<DE08.50.022.00>
				<value>氢氯噻臻</value>
			</DE08.50.022.00>
			<DE08.50.043.00>
				<value>规格描述</value>
			</DE08.50.043.00>
			<DE08.50.011.00>
				<value>
					<code>47</code>
					<displayName>灌汤剂</displayName>
				</value>
			</DE08.50.011.00>
			<DE08.50.023.00>
				<value>20.88</value>
			</DE08.50.023.00>
			<DE08.50.024.00>
				<value>mg</value>
			</DE08.50.024.00>
			<DE06.00.133.00>
				<value>3</value>
			</DE06.00.133.00>
			<DE06.00.134.00>
				<value>
					<code>1</code>
					<displayName>口服</displayName>
				</value>
			</DE06.00.134.00>
			<DE06.00.179.00>
				<value>备注信息描述</value>
			</DE06.00.179.00>
			<DE06.00.135.00>
				<value>3.22</value>
			</DE06.00.135.00>
			<DE06.00.294.00>
				<value>3</value>
			</DE06.00.294.00>
			<DE08.50.056.00>
				<value>4</value>
			</DE08.50.056.00>
		</Medication>
	</Medications>
</C0004>
