<C0038 xmlns:xsi="http://www.w3.org/2001/XMLSchema-instance" xmlns:s="http://www.w3.org/2001/XMLSchema">
	<templateId/>
	<docUID>1234-1234-1234-1234</docUID>
	<docCode>C0038</docCode>
	<createTime>20160811102053</createTime>
	<confidentialityCode>N</confidentialityCode>
	<patient>
		<name>王x祥</name>
		<telcom>15175715266</telcom>
		<address>
			<streetName>城关镇王街村617号</streetName>
			<province>河北</province>
			<city>沧州</city>
		</address>
		<PatientNumber>0009545357</PatientNumber>
		<nationalIdNumber>132923195011232817</nationalIdNumber>
		<birthTime>19501123</birthTime>
		<administrativeGender>
			<value>
				<code>1</code>
				<displayName>男性</displayName>
			</value>
		</administrativeGender>
		<ethnicGroup>
			<value>
				<code>1</code>
				<displayName>汉族</displayName>
			</value>
		</ethnicGroup>
		<employerOrganization>
			<name>县招待所</name>
			<telcom>15175715266</telcom>
		</employerOrganization>
		<age>68</age>
	</patient>
	<author>
		<id>3434343</id>
		<name>李医生</name>
		<representedOrganization>
			<identifier>12345</identifier>
			<name>周昆</name>
		</representedOrganization>
	</author>
	<authenticator>
		<time>201201121234</time>
		<professionalTechnicalPosition>
			<value>
				<code/>
				<displayName>主治医师</displayName>
			</value>主治医师</professionalTechnicalPosition>
		<name>铁炉堡</name>
		<id>12345</id>
		<isLegal>1</isLegal>
	</authenticator>
	<custodian>
		<name>无锡中医院</name>
		<id>1234</id>
	</custodian>
	<location>
		<inpatientId>zyNumber33</inpatientId>
		<section>
			<identifier>011</identifier>
			<name>消化科2病房</name>
		</section>
		<organization>
			<identifier>111</identifier>
			<name>消化科</name>
		</organization>
		<assignOrganization>
			<identifier>222</identifier>
			<name>无锡中医院</name>
		</assignOrganization>
		<ward>1</ward>
		<bed>1</bed>
		<section>4</section>
		<recordCreateTime>201201011212</recordCreateTime>
	</location>
	<DE06.00.309.00>
		<value>术后恢复好，患者及家属要求明日出院</value>
	</DE06.00.309.00>
	<DE06.00.287.00>
		<value>休息，带药</value>
	</DE06.00.287.00>
	<DE02.10.028.00><value>内虚外寒</value></DE02.10.028.00>
	<DE05.10.131.00><value>食补，吃甲鱼</value></DE05.10.131.00>
</C0038>
