<!-- edited with XMLSpy v2013 (http://www.altova.com) by  () -->
<C0037>
	<createTime>2018-06-28 16:58:14</createTime>
	<confidentialityCode>N</confidentialityCode>
	<docCode>C0037</docCode>
	<docUID>1234-1234-1234-1234</docUID>
	<title>首次病程记录</title>
	<patient>
		<healthCardNumber>021043</healthCardNumber>
		<patientNumber>111</patientNumber>
		<name>王x祥</name>
		<telcom>15175715266</telcom>
		<address>
			<streetName>城关镇王街村617号</streetName>
			<province>河北</province>
			<city>沧州</city>
		</address>
		<nationalIdNumber>132923195011232817</nationalIdNumber>
		<birthTime>19501123</birthTime>
		<administrativeGender>
			<value>
				<code>1</code>
				<displayName>男性</displayName>
			</value>
		</administrativeGender>
		<ethnicGroup>
			<value>
				<code>1</code>
				<displayName>汉族</displayName>
			</value>
			<maritalStatusCode>
				<value>
					<code>1</code>
					<displayName>已婚</displayName>
				</value>
			</maritalStatusCode>
			<employerOrganization>
				<name>工作单位名称</name>
				<identifier>444</identifier>
			</employerOrganization>
		</ethnicGroup>
		<employerOrganization>
			<name>县招待所</name>
			<telcom>15175715266</telcom>
		</employerOrganization>
		<age>68</age>
	</patient>
	<author>
		<id>3434343</id>
		<name>李医生</name>
		<representedOrganization>
			<identifier>12345</identifier>
			<name>周昆</name>
		</representedOrganization>
	</author>
	<authenticator>
		<professionalTechnicalPosition>主治医师</professionalTechnicalPosition>
		<name>铁炉堡</name>
		<isLegal>1</isLegal>
	</authenticator>
	<custodian>
		<name>无锡中医院</name>
		<id>1234</id>
	</custodian>
	<participants>
		<participant>
			<telecom>0332-202003243</telecom>
			<name>李言</name>
			<address>
				<streetName>城关镇王街村617号</streetName>
				<province>河北</province>
				<city>沧州</city>
			</address>
		</participant>
	</participants>
	<DE04.01.119.00>
		<value>腹痛、腹胀7天伴肛门停止排气排便</value>
	</DE04.01.119.00>
	<DE05.10.133.00>
		<value>首次病程记录 一、病历特点： （1）中年男性患者，主诉： 双侧腰腿痛伴间歇性跛行7年，加重3个月。 （2） 患者自诉7年前无明显诱因下出现腰痛，双侧大腿、小腿后侧疼痛，弯腰活动时，休息时缓解，疼痛症状尚能忍受。伴间歇性跛行，行走3千米需下蹲休息方能缓解。3个月前疼痛加重，间歇性跛行距离缩短，约行走500米后出现双下肢、腰部疼痛，VAS评分7分。下蹲休息几分钟后症状缓解并能继续行行走。并出现左足背感觉麻木。在院外口服药物治疗，具体不详，症状无缓解。曾到我院门诊就诊，考虑：腰椎管狭窄症，今为手术治疗而入院。 （3）查体：T 36.5℃,P 74次/分,R 20次/分,Bp 151／90mmHg </value>
	</DE05.10.133.00>
	<DE05.01.070.00>
		<value>肠梗阻属中医“关格”“走哺”腑气不通范畴。</value>
	</DE05.01.070.00>
	<DE06.00.298.00/>
	<DE05.01.024.00>
		<value>
			<code>B95.100</code>
			<displayName>B族链球菌感染</displayName>
		</value>
	</DE05.01.024.00>
	<DE05.10.130.00>
		<value>
			<code>ZYV260</code>
			<displayName>腑气不通证</displayName>
		</value>
	</DE05.10.130.00>
	<DE02.10.028.00>
		<value>舌红，苔薄腻，脉弦</value>
	</DE02.10.028.00>
	<DE05.01.025.00>
		<value>1）完善各项常规检查:生化免疫全套、凝血五项、 肿瘤12项等。（3）予外科护理常规、禁食、胃肠减压，灌肠，予头孢匹胺、替硝唑BID静滴消炎、维持水电 </value>
	</DE05.01.025.00>
</C0037>
