<C0039>
	<createTime>2018-06-28 16:58:14</createTime>
	<confidentialityCode>N</confidentialityCode>
	<docCode>C0037</docCode>
	<docUID>1234-1234-1234-1234</docUID>
	<title>上级医师查房记录</title>
	<patient>
		<healthCardNumber>021043</healthCardNumber>
		<patientNumber>111</patientNumber>
		<name>王x祥</name>
		<telcom>15175715266</telcom>
		<address>
			<streetName>城关镇王街村617号</streetName>
			<province>河北</province>
			<city>沧州</city>
		</address>
		<nationalIdNumber>132923195011232817</nationalIdNumber>
		<birthTime>19501123</birthTime>
		<administrativeGender>
			<value>
				<code>1</code>
				<displayName>男性</displayName>
			</value>
		</administrativeGender>
		<ethnicGroup>
			<value>
				<code>1</code>
				<displayName>汉族</displayName>
			</value>
			<maritalStatusCode>
				<value>
					<code>1</code>
					<displayName>已婚</displayName>
				</value>
			</maritalStatusCode>
			<employerOrganization>
				<name>工作单位名称</name>
				<identifier>444</identifier>
			</employerOrganization>
		</ethnicGroup>
		<employerOrganization>
			<name>县招待所</name>
			<telcom>15175715266</telcom>
		</employerOrganization>
		<age>68</age>
	</patient>
	<author>
		<id>3434343</id>
		<name>李医生</name>
		<representedOrganization>
			<identifier>12345</identifier>
			<name>周昆</name>
		</representedOrganization>
	</author>
	<authenticator>
		<professionalTechnicalPosition>主治医师</professionalTechnicalPosition>
		<name>铁炉堡</name>
		<isLegal>1</isLegal>
	</authenticator>
	<custodian>
		<name>无锡中医院</name>
		<id>1234</id>
	</custodian>
	<participants>
		<participant>
			<telecom>0332-202003243</telecom>
			<name>李言</name>
			<address>
				<streetName>城关镇王街村617号</streetName>
				<province>河北</province>
				<city>沧州</city>
			</address>
		</participant>
	</participants>
	<DE06.00.181.00>
		<value>对患者查房结果和诊疗相关意见的详细描述</value>
	</DE06.00.181.00>
	<DE02.10.028.00>
		<value>中医"四诊"观察结果的详细描述</value>
	</DE02.10.028.00>
	<DE08.50.047.00>
		<value>中药煎煮方法描述</value>
	</DE08.50.047.00>
	<DE06.00.287.00>
		<value>全排斥执行时点始全排斥</value>
	</DE06.00.287.00>
	<DE06.00.136.00>
		<value>中药的用药方法描述</value>
	</DE06.00.136.00>
	<DE05.01.025.00>
		<value>具体的检查、中医治疗措施及中医调护</value>
	</DE05.01.025.00>
	<DE05.10.131.00>
		<value>对辨证分型的名称、主要依据和采用的治则治法的详 细描述</value>
	</DE05.10.131.00>
</C0039>
